master_label,description,summarized_description,keywords,source_docs,chunk_ids,n_chunks,qna,status,priority,created_at,completed_at,grounded_summary,significance_level
Vitamin D Measurement Reference,"[A clinical reference range for serum 25-hydroxyvitamin D levels, providing standardized units (nmol/L) and a defined normal interval (75.00–250.00 nmol/L) for diagnostic interpretation. | A framework categorizing vitamin D levels into deficient, insufficient, optimal, and potentially toxic ranges based on nmol/L concentrations, with clinical implications for bone health and parathyroid hormone regulation.]","Vitamin D Measurement Reference. Vitamin D Measurement Reference. The assay measures both D2 (Ergocalciferol) and D3 (Cholecalciferol) metabolites of vitamin D.. 25 (OH)D is influenced by sunlight, latitude, skin pigmentation, sunscreen use, and hepatic function.. Optimal calcium absorption requires vitamin D 25 (OH) levels exceeding 75 nmol/L.. Vitamin D levels show seasonal variation, with values being 40-50% lower in winter than in summer.","vitamin 25, vitamin, hydroxy, 250, 00 nmol, disease level, parathyroid hormone, deficient, nmol 250, comments optimal",WM17S.pdf,"[15,16_17]",2,"{""WM17S.pdf"": [{""q"": ""Why does the guideline specify a reference range of 75–250 nmol/L for 25-hydroxyvitamin D without recommending routine supplementation?"", ""a"": ""The range reflects population-based data where most individuals achieve skeletal sufficiency without excess risk, but it does not imply cardiovascular benefit; trials show no clear ASCVD reduction with vitamin D supplementation regardless of baseline levels.""}, {""q"": ""Why does the guideline define 'Stimulant' levels of vitamin D (75-250 nmol/L) as optimal for maximal health benefit, rather than just sufficiency?"", ""a"": ""The 'Stimulant' range aligns with concentrations that normalize parathyroid hormone (PTH) and maximize intestinal calcium absorption, which are critical for skeletal and extraskeletal health benefits beyond mere deficiency prevention.""}, {""q"": ""How does seasonal variation in 25(OH)D levels (40-50% lower in winter) impact clinical decision-making for vitamin D supplementation?"", ""a"": ""Clinicians should account for seasonal fluctuations by interpreting winter levels more cautiously or retesting in deficient patients before escalating therapy, as transient low levels may not reflect true deficiency.""}, {""q"": ""What does the inclusion of both D2 and D3 metabolites in the assay imply for patient management?"", ""a"": ""Measuring both forms ensures comprehensive assessment, as D2 (from plant sources) and D3 (from sunlight/food) have differing potencies and half-lives, which could otherwise lead to misclassification of deficiency or toxicity.""}]}",pending,1,2026-08-17T10:36,,"[Vitamin D Measurement Reference. Vitamin D Measurement Reference. The assay measures both D2 (Ergocalciferol) and D3 (Cholecalciferol) metabolites of vitamin D.. 25 (OH)D is influenced by sunlight, latitude, skin pigmentation, sunscreen use, and hepatic function.. Optimal calcium absorption requires vitamin D 25 (OH) levels exceeding 75 nmol/L.. Vitamin D levels show seasonal variation, with values being 40-50% lower in winter than in summer.]",high
Clinical Laboratory Information,"[A document providing administrative and regulatory details of a clinical laboratory service provider, including registered office location and corporate identification.]","Clinical Laboratory Information. Clinical Laboratory Information for Dyslipidemia Management. Lipid profile testing (TC, LDL-C, HDL-C, TG) should be performed after 9–12 hours of fasting for accurate triglyceride measurement.. Non-HDL-C and apoB are preferred secondary targets when triglycerides are ≥500 mg/dL or in patients with metabolic syndrome.. hs-CRP may be considered as a risk-enhancing factor in borderline-risk patients per ACC/AHA guidelines.. Lp(a) testing is recommended at least once in a lifetime for risk stratification, with ≥50 mg/dL considered elevated.. ApoB should be measured in patients with diabetes, metabolic syndrome, or chronic kidney disease for risk assessment.","lal pathlabs, l74899dl1995plc065388, office dr, new delhi, block sector",WM17S.pdf,[0],1,{},pending,2,2026-08-17T10:36,,"[Clinical Laboratory Information. Clinical Laboratory Information for Dyslipidemia Management. Lipid profile testing (TC, LDL-C, HDL-C, TG) should be performed after 9–12 hours of fasting for accurate triglyceride measurement.. Non-HDL-C and apoB are preferred secondary targets when triglycerides are ≥500 mg/dL or in patients with metabolic syndrome.. hs-CRP may be considered as a risk-enhancing factor in borderline-risk patients per ACC/AHA guidelines.. Lp(a) testing is recommended at least once in a lifetime for risk stratification, with ≥50 mg/dL considered elevated.. ApoB should be measured in patients with diabetes, metabolic syndrome, or chronic kidney disease for risk assessment.]",
Fasting Glucose Measurement,"[A clinical lipid and metabolic parameter measured using the hexokinase method, reported in mg/dL with a reference range of 70-100 for fasting glucose levels.]",Fasting Glucose Measurement. Fasting Glucose Measurement. Fasting glucose is measured using the Hexokinase method to assess baseline glucose levels.. Fasting for at least 8 hours prior to glucose measurement is required for accurate results.,"glucose fasting, fasting hexokinase, hexokinase 80, fasting, mg dl",WM17S.pdf,[13],1,"{""WM17S.pdf"": [{""q"": ""Why does the guideline still recommend fasting glucose measurement for cardiovascular risk stratification despite the shift toward non-fasting lipid panels?"", ""a"": ""Fasting glucose remains critical for identifying undiagnosed diabetes or prediabetes, which independently doubles cardiovascular risk. While non-fasting lipids are sufficient for baseline risk assessment, fasting glucose provides actionable data for diabetes management and ASCVD risk refinement.""}]}",pending,3,2026-08-17T10:36,,[Fasting Glucose Measurement. Fasting Glucose Measurement. Fasting glucose is measured using the Hexokinase method to assess baseline glucose levels.. Fasting for at least 8 hours prior to glucose measurement is required for accurate results.],informational
HbA1c Interpretation Guidance,"[A clinical recommendation outlining the interpretation of HbA1c results, including considerations for glycemic goals, patient-specific factors, and conditions affecting red blood cell turnover or hemoglobin variants.]","HbA1c Interpretation Guidance. HbA1c Interpretation Guidance. HbA1c result is suggestive of Diabetes or higher than glycemic level in a known Diabetic patient.. Glycemic goal should be individualized based on duration of diabetes, age/life expectancy, comorbid conditions, known CVD or advanced microvascular complications, hypoglycaemia unawareness, and individual patient considerations.. Presence of Hemoglobin variants and/or conditions that affect red cell turnover must be considered, particularly when the HbA1c result does not correlate with the patient's blood glucose levels.. Hemoglobin variants, elevated fetal hemoglobin, and chemically modified derivatives of hemoglobin can affect the accuracy of HbA1c measurements.","test hba1c, average glucose, hemoglobin blood, results units, glycosylated, suggestive diabetes, glycemic goal, hypoglycaemia, hba1c result, life expectancy",WM17S.pdf,[22_23_25_26],1,"{""WM17S.pdf"": [{""q"": ""Why does iron deficiency anemia lead to falsely elevated HbA1c levels despite normal blood glucose?"", ""a"": ""Iron deficiency anemia prolongs erythrocyte survival, increasing the time for hemoglobin to undergo glycation. This results in a higher proportion of HbA1c, even if average blood glucose levels are unchanged.""}, {""q"": ""How do hemoglobin variants like HbSS or HbSC affect HbA1c interpretation in sickle cell disease?"", ""a"": ""These variants shorten erythrocyte survival, reducing the time for glycation to occur. This falsely lowers HbA1c, making it unreliable for assessing glycemic control in these patients.""}, {""q"": ""What does it imply for clinicians when HbA1c results do not match a patient's blood glucose levels?"", ""a"": ""It suggests potential interference from hemoglobin variants, altered red cell turnover, or other conditions. Clinicians should consider alternative glycemic markers like fructosamine or continuous glucose monitoring.""}]}",pending,4,2026-08-17T10:36,,"[HbA1c Interpretation Guidance. HbA1c Interpretation Guidance. HbA1c result is suggestive of Diabetes or higher than glycemic level in a known Diabetic patient.. Glycemic goal should be individualized based on duration of diabetes, age/life expectancy, comorbid conditions, known CVD or advanced microvascular complications, hypoglycaemia unawareness, and individual patient considerations.. Presence of Hemoglobin variants and/or conditions that affect red cell turnover must be considered, particularly when the HbA1c result does not correlate with the patient's blood glucose levels.. Hemoglobin variants, elevated fetal hemoglobin, and chemically modified derivatives of hemoglobin can affect the accuracy of HbA1c measurements.]",moderate
Hematopathology Consultant Directory,"[A compiled list of consultant hematopathologists and biochemists, including their credentials and affiliations with Dr. Lal PathLabs Ltd, detailing revised reports and superseding previously issued documents.]","Hematopathology Consultant Directory. Hematopathology Consultant Directory. Directory lists certified hematopathology consultants with their credentials and affiliations.. Consultants are affiliated with Dr Lal PathLabs Ltd and include technical directors, senior consultants, and lead hematopathologists.. The directory is a revised report superseding all previously issued versions.","dm hematopathology, 77091 dr, consultant lead, pathlabs column_1, nimmi kankar, revised report, reports img, issued reports, img jpeg, supersedes previously",WM17S.pdf,[31_32],1,{},pending,5,2026-08-17T10:36,,"[Hematopathology Consultant Directory. Hematopathology Consultant Directory. Directory lists certified hematopathology consultants with their credentials and affiliations.. Consultants are affiliated with Dr Lal PathLabs Ltd and include technical directors, senior consultants, and lead hematopathologists.. The directory is a revised report superseding all previously issued versions.]",informational
Complete Blood Count Report,"[A structured report of hematological parameters including hemoglobin, packed cell volume, and red blood cell indices, presented with measured values and reference intervals for clinical interpretation.]",Complete Blood Count Report. Complete Blood Count Report. Leucocyte counts are reported as absolute numbers per unit volume of blood. Hemoglobin and PCV values are measured and compared to reference ranges for clinical assessment. leucocyte counts are additionally being reported as absolute numbers of each cell in per unit volume of blood,"blood count, test segmented, pcv calculated, monocytes results, technology results, leucocyte counts, numbers cell, results units, volume blood, reported absolute",WM17S.pdf,[28_30],1,"{""WM17S.pdf"": [{""q"": ""Why does the guideline include a Complete Blood Count (CBC) in the initial evaluation of dyslipidemia and cardiovascular risk stratification?"", ""a"": ""A CBC provides critical information on hematologic parameters that may influence cardiovascular risk, such as anemia (which can exacerbate myocardial ischemia) or leukocytosis (linked to inflammation and atherosclerosis). Abnormalities may prompt further investigation or adjustment of lipid-lowering therapy.""}, {""q"": ""How does an elevated MCV (100.00 fL) in this CBC report influence cardiovascular risk assessment or management?"", ""a"": ""An MCV of 100.00 fL suggests macrocytosis, which may indicate vitamin B12 or folate deficiency, hypothyroidism, or alcohol excess—conditions associated with increased cardiovascular risk. Clinicians should evaluate for underlying causes and consider their impact on lipid metabolism and endothelial function.""}, {""q"": ""What does an absolute lymphocyte count of 2.00 thou/mm3 imply for a patient undergoing cardiovascular risk stratification?"", ""a"": ""An absolute lymphocyte count of 2.00 thou/mm3 is at the lower limit of normal and may reflect mild lymphopenia, which has been associated with chronic inflammation and higher cardiovascular risk. Further evaluation for causes (e.g., viral infections, autoimmune conditions) and integration with inflammatory biomarkers (e.g., hs-CRP) may refine risk assessment.""}]}",pending,6,2026-08-17T10:36,,[Complete Blood Count Report. Complete Blood Count Report. Leucocyte counts are reported as absolute numbers per unit volume of blood. Hemoglobin and PCV values are measured and compared to reference ranges for clinical assessment. leucocyte counts are additionally being reported as absolute numbers of each cell in per unit volume of blood],moderate
Kidney Function Assessment,"[A clinical report summarizing kidney function metrics, including creatinine levels, estimated GFR, and urea nitrogen, using standardized laboratory methods and guideline-based categorization.]","Kidney Function Assessment. Kidney Function Assessment in Dyslipidemia Management. Assess kidney function (e.g., serum creatinine) as part of cardiovascular risk stratification in dyslipidemia management.. Perform serum creatinine testing using standardized methods (e.g., Modified Jaffe, Kinetic) to evaluate kidney function.. Unexpected or alarming kidney function results should prompt immediate patient contact for remedial action.. Serum creatinine must be measured using validated laboratory methods (e.g., Modified Jaffe, Kinetic) for accurate kidney function assessment.. Serum creatinine must be interpreted in the context of patient's age, sex, and muscle mass for accurate kidney function assessment.","test total, u00b2 result, gfr category, modified jaffe, phosphatase, contact customer, test results, delhi, cin l74899dl1995plc065388, alarming unexpected",WM17S.pdf,[2_3],1,{},pending,7,2026-08-17T10:36,,"[Kidney Function Assessment. Kidney Function Assessment in Dyslipidemia Management. Assess kidney function (e.g., serum creatinine) as part of cardiovascular risk stratification in dyslipidemia management.. Perform serum creatinine testing using standardized methods (e.g., Modified Jaffe, Kinetic) to evaluate kidney function.. Unexpected or alarming kidney function results should prompt immediate patient contact for remedial action.. Serum creatinine must be measured using validated laboratory methods (e.g., Modified Jaffe, Kinetic) for accurate kidney function assessment.. Serum creatinine must be interpreted in the context of patient's age, sex, and muscle mass for accurate kidney function assessment.]",moderate
Laboratory Result Validation Protocol,"[A protocol outlining the conditions, limitations, and clinical correlation requirements for laboratory investigations, including result validation, delivery delays, and jurisdictional constraints.]","Laboratory Result Validation Protocol. Laboratory Result Validation Protocol. All results released pertain to the specimen submitted and are dependent on sample quality.. Laboratory investigations are tools to facilitate diagnosis and must be clinically correlated by the Referring Physician.. If test results are alarming or unexpected, the client is advised to contact Customer Care immediately for remedial action.. Test results may show interlaboratory variations and are not valid for medico-legal purposes.. The report is computer-generated and validated by an Authorized Medical Practitioner/Doctor.. Exclusive jurisdiction of Courts/Forum at Delhi for disputes/claims concerning tests or results.. Sample must be submitted within 72 hours post-reporting for certain tests.","laboratory investigations, results dependent, report validated, delivery delayed, referring physician",WM17S.pdf,[33],1,"{""WM17S.pdf"": [{""q"": ""Why does the guideline emphasize that 'all results released pertain to the specimen submitted' rather than the patient's clinical status?"", ""a"": ""This ensures traceability and accountability, preventing misinterpretation of results due to pre-analytical errors like mislabeling or contamination. It underscores that laboratory data is a snapshot of the sample's condition at the time of testing, not an absolute reflection of the patient's physiology.""}, {""q"": ""How do interlaboratory variations in test results impact clinical decision-making for dyslipidemia management?"", ""a"": ""Variations can lead to inconsistent risk stratification or treatment thresholds, particularly for borderline cases. Clinicians should prioritize repeat testing in a single accredited lab or use standardized reference ranges to minimize discrepancies in LDL-C or other lipid metrics.""}, {""q"": ""What does the guideline imply about the role of the referring physician in validating laboratory results?"", ""a"": ""It shifts responsibility to the physician to clinically correlate results, recognizing that lab data alone is insufficient for diagnosis or treatment. This highlights the need for integration with patient history, physical exam, and other diagnostic tools to avoid overreliance on isolated test values.""}]}",pending,8,2026-08-17T10:36,,"[Laboratory Result Validation Protocol. Laboratory Result Validation Protocol. All results released pertain to the specimen submitted and are dependent on sample quality.. Laboratory investigations are tools to facilitate diagnosis and must be clinically correlated by the Referring Physician.. If test results are alarming or unexpected, the client is advised to contact Customer Care immediately for remedial action.. Test results may show interlaboratory variations and are not valid for medico-legal purposes.. The report is computer-generated and validated by an Authorized Medical Practitioner/Doctor.. Exclusive jurisdiction of Courts/Forum at Delhi for disputes/claims concerning tests or results.. Sample must be submitted within 72 hours post-reporting for certain tests.]",informational
Lipid Test Result Thresholds,"[A structured framework defining thresholds for lipid test results (e.g., high, moderate, low) with corresponding units and interpretation intervals to guide clinical decision-making.]","Lipid Test Result Thresholds. Lipid Test Result Thresholds. Per guideline thresholds, LDL-C <70 mg/dL is classified as 'High' risk, <100 mg/dL as 'Moderate' risk, and <130 mg/dL as 'Low' risk.","test low, u2265100 test, high results, interval u226570, 70 units",WM17S.pdf,[11],1,"{""WM17S.pdf"": [{""q"": ""Why does the guideline categorize LDL-C thresholds differently for 'High', 'Moderate', and 'Low' risk groups despite similar numerical cutoffs?"", ""a"": ""The categorization reflects the integration of LDL-C levels with overall cardiovascular risk stratification, not just absolute values. For example, an LDL-C of 100 mg/dL may be 'High' in a patient with diabetes (due to higher baseline risk) but 'Moderate' in a low-risk individual, emphasizing the need for context-specific management rather than rigid thresholds.""}]}",pending,9,2026-08-17T10:36,,"[Lipid Test Result Thresholds. Lipid Test Result Thresholds. Per guideline thresholds, LDL-C <70 mg/dL is classified as 'High' risk, <100 mg/dL as 'Moderate' risk, and <130 mg/dL as 'Low' risk.]",moderate
Lipid Panel Measurement Protocol,[A structured lipid measurement protocol outlining recommended serial sampling intervals and additional biomarker testing for refined ASCVD risk assessment in moderate-risk patients.],"Lipid Panel Measurement Protocol. Lipid Panel Measurement Protocol + Serial Sampling & Additional Testing. Three serial samples 3 weeks apart are recommended for Total Cholesterol, Triglycerides, HDL & LDL Cholesterol due to physiological & analytical variations.. Additional testing for Apolipoprotein B, hsCRP, Lp(a) & LP-PLA2 should be considered among patients with moderate risk for ASCVD for risk refinement.. Fasting for at least 9-12 hours prior to lipid panel measurement is required to minimize postprandial effects on triglycerides and other lipid parameters.","column_1 cholesterol, triglycerides gpo, mg dl, 200 column_3, 100 00, testing apolipoprotein, patients moderate, triglycerides hdl, samples week, pla2 considered",WM17S.pdf,[6_7],1,"{""WM17S.pdf"": [{""q"": ""Why does the guideline recommend three serial lipid measurements spaced three weeks apart instead of relying on a single sample?"", ""a"": ""Single lipid measurements can be influenced by physiological fluctuations (e.g., diet, stress, illness) and analytical variability (e.g., lab errors, assay drift). Serial sampling over weeks averages out these variations, providing a more stable and representative baseline for clinical decision-making.""}, {""q"": ""What does the inclusion of Apolipoprotein B, hsCRP, Lp(a), and LP-PLA2 testing imply for risk stratification in moderate-risk patients?"", ""a"": ""These biomarkers refine risk beyond traditional lipid panels by capturing residual inflammatory risk (hsCRP), atherogenic particle burden (ApoB), genetic risk (Lp(a)), and vascular inflammation (LP-PLA2). Their use in moderate-risk patients helps identify those who may benefit from earlier or more intensive preventive interventions.""}]}",pending,10,2026-08-17T10:36,,"[Lipid Panel Measurement Protocol. Lipid Panel Measurement Protocol + Serial Sampling & Additional Testing. Three serial samples 3 weeks apart are recommended for Total Cholesterol, Triglycerides, HDL & LDL Cholesterol due to physiological & analytical variations.. Additional testing for Apolipoprotein B, hsCRP, Lp(a) & LP-PLA2 should be considered among patients with moderate risk for ASCVD for risk refinement.. Fasting for at least 9-12 hours prior to lipid panel measurement is required to minimize postprandial effects on triglycerides and other lipid parameters.]",moderate
Lipid Treatment Thresholds,"[This passage defines specific LDL and non-HDL cholesterol treatment goals and thresholds for initiating therapy across different cardiovascular risk categories, including optional stricter targets for extreme-risk patients.]","Lipid Treatment Thresholds. Lipid Treatment Thresholds for Extreme/Very High Risk Groups. For Extreme Risk Group Category A, LDL-C treatment goal is <50 mg/dL (optional ≤30 mg/dL) and non-HDL-C goal is <80 mg/dL (optional ≤60 mg/dL).. For Very High Risk, LDL-C treatment goal is <50 mg/dL and non-HDL-C goal is <80 mg/dL.. Therapy is considered when LDL-C ≥50 mg/dL or non-HDL-C ≥80 mg/dL in these risk groups.. Optional LDL-C goal of ≤30 mg/dL and non-HDL-C goal of ≤60 mg/dL for Extreme Risk Group Category A.","category treatment, non hdl, optional goal, mg dl, _1 non, contact customer, test results, alarming, remedial action, lalpathlabs com",WM17S.pdf,[8_9],1,"{""WM17S.pdf"": [{""q"": ""Why does the guideline set an optional LDL-C goal of ≤30 mg/dL for the Extreme Risk Group Category A, in addition to the primary goal of <50 mg/dL?"", ""a"": ""The optional ≤30 mg/dL target reflects emerging evidence from trials like IMPROVE-IT and post-hoc analyses of PCSK9 inhibitor studies, suggesting incremental cardiovascular benefit with ultra-low LDL-C levels in patients with extreme risk, particularly those with recurrent events or polyvascular disease.""}, {""q"": ""How does the guideline differentiate between 'Consider Therapy' and 'Treatment Goal' thresholds for LDL-C in the Extreme Risk Group Category A?"", ""a"": ""The 'Consider Therapy' threshold (≥50 mg/dL) acts as a trigger for initiating or intensifying lipid-lowering therapy, while the 'Treatment Goal' (≤30 mg/dL) represents the optimal target for patients already on therapy, acknowledging that achieving <50 mg/dL is the minimum standard.""}, {""q"": ""What does the inclusion of non-HDL cholesterol goals alongside LDL-C targets imply for clinical practice?"", ""a"": ""Non-HDL cholesterol goals (e.g., <80 mg/dL) account for atherogenic lipoproteins beyond LDL, such as VLDL and IDL, which are particularly relevant in patients with hypertriglyceridemia or metabolic syndrome, ensuring a more comprehensive risk reduction strategy.""}]}",pending,11,2026-08-17T10:36,,"[Lipid Treatment Thresholds. Lipid Treatment Thresholds for Extreme/Very High Risk Groups. For Extreme Risk Group Category A, LDL-C treatment goal is <50 mg/dL (optional ≤30 mg/dL) and non-HDL-C goal is <80 mg/dL (optional ≤60 mg/dL).. For Very High Risk, LDL-C treatment goal is <50 mg/dL and non-HDL-C goal is <80 mg/dL.. Therapy is considered when LDL-C ≥50 mg/dL or non-HDL-C ≥80 mg/dL in these risk groups.. Optional LDL-C goal of ≤30 mg/dL and non-HDL-C goal of ≤60 mg/dL for Extreme Risk Group Category A.]",high
Therapeutic Decision Framework,[A clinical recommendation outlining the initiation of pharmacological therapy in low-risk patients following a minimum 3-month trial of non-pharmacological interventions.],"Therapeutic Decision Framework. Therapeutic Decision Framework for Low-Risk Patients. In low-risk patients, consider therapy only after an initial non-pharmacological intervention for at least 3 months. Patient must be classified as low risk per guideline criteria","pharmacological intervention, therapy initial, patient consider, intervention months, low risk",WM17S.pdf,[12],1,{},pending,12,2026-08-17T10:36,,"[Therapeutic Decision Framework. Therapeutic Decision Framework for Low-Risk Patients. In low-risk patients, consider therapy only after an initial non-pharmacological intervention for at least 3 months. Patient must be classified as low risk per guideline criteria]",low
Thyroid Function Testing Guidelines,"[A clinical recommendation outlining the influence of circadian variation, pregnancy, and protein binding on thyroid hormone measurements, emphasizing the importance of clinically correlating free hormone levels for accurate assessment.]","Thyroid Function Testing Guidelines. Thyroid Function Testing: TSH Circadian Variation + Free vs Total Hormones + Rare TSH Variants. TSH levels vary by ~50% due to circadian rhythm, peaking 2-4 a.m. and lowest 6-10 p.m.. Total T3/T4 are affected by thyroid hormone binding protein changes (e.g., pregnancy, steroid therapy).. Free T3/T4 (unbound fraction) are biologically active and better correlate with clinical status than total hormone levels.. TSH values <0.05 μIU/mL require clinical correlation due to rare TSH variants in some individuals.. Introduction of Vitamin D, Ultrasensitive by LC-MS/MS as a new available test.. Emphasis on clinical correlation for TSH <0.05 μIU/mL due to rare TSH variants.","test vitamin, levels vary, pregnancy new, ultrasensitive lc, age increased, tsh levels, circadian variation, thyroid hormone, clinically correlated, pregnancy patients",WM17S.pdf,[19_21],1,"{""WM17S.pdf"": [{""q"": ""Why do TSH levels exhibit circadian variation, and how does this impact clinical decision-making for thyroid function testing?"", ""a"": ""TSH secretion follows a circadian rhythm with peak levels at night due to hypothalamic-pituitary-thyroid axis regulation. Clinicians should account for this by standardizing blood draw times (e.g., morning) to avoid misinterpretation of borderline TSH elevations as subclinical hypothyroidism.""}, {""q"": ""How do changes in thyroid hormone-binding proteins during pregnancy affect Total T3/T4 measurements, and what is the clinical workaround?"", ""a"": ""Pregnancy increases thyroid-binding globulin (TBG), raising Total T3/T4 without altering free hormone levels. Clinicians should prioritize Free T3/Free T4 or TSH measurements over total hormone levels to avoid false diagnoses of hyper/hypothyroidism.""}, {""q"": ""What does the guideline imply for interpreting TSH values <0.05 μIU/mL in the absence of overt hyperthyroidism symptoms?"", ""a"": ""TSH <0.05 μIU/mL may reflect rare TSH variants or assay interference rather than true hyperthyroidism. Confirmatory testing (e.g., repeat TSH, Free T4) is critical to avoid unnecessary antithyroid therapy or misdiagnosis.""}]}",pending,13,2026-08-17T10:36,,"[Thyroid Function Testing Guidelines. Thyroid Function Testing: TSH Circadian Variation + Free vs Total Hormones + Rare TSH Variants. TSH levels vary by ~50% due to circadian rhythm, peaking 2-4 a.m. and lowest 6-10 p.m.. Total T3/T4 are affected by thyroid hormone binding protein changes (e.g., pregnancy, steroid therapy).. Free T3/T4 (unbound fraction) are biologically active and better correlate with clinical status than total hormone levels.. TSH values <0.05 μIU/mL require clinical correlation due to rare TSH variants in some individuals.. Introduction of Vitamin D, Ultrasensitive by LC-MS/MS as a new available test.. Emphasis on clinical correlation for TSH <0.05 μIU/mL due to rare TSH variants.]",informational
Vitamin B12 Reference Range,"[A clinical reference range for serum vitamin B12 (cyanocobalamin) levels, specifying a threshold of 200.00 pg/mL with associated normal reference values.]",Vitamin B12 Reference Range. Vitamin B12 Reference Range. Vitamin B12 (Cyanocobalamin) is measured in pg/mL with a laboratory reference range of 211.00 - 911.00 pg/mL.,"b12 cyanocobalamin, vitamin b12, cyanocobalamin 200, vitamin, 200 00",WM17S.pdf,[14],1,{},pending,14,2026-08-17T10:36,,[Vitamin B12 Reference Range. Vitamin B12 Reference Range. Vitamin B12 (Cyanocobalamin) is measured in pg/mL with a laboratory reference range of 211.00 - 911.00 pg/mL.],high
